{"generation": 0, "fitness_avg": -39.99999999999993, "fitness_std": 7.105427357601002e-15, "fitness_best": -39.99999999999992, "fitness_best_val": -39.99999999999992, "n_neurons_best": 1, "n_conns_best": 3, "pop_size": 8, "n_species": 4, "time_elapsed": 70.72509670257568, "time_elapsed_avg": 70.72509670257568, "n_extinctions": 0}
{"generation": 1, "fitness_avg": -39.99999999999992, "fitness_std": 0.0, "fitness_best": -39.99999999999992, "fitness_best_val": -39.99999999999992, "n_neurons_best": 1, "n_conns_best": 3, "pop_size": 8, "n_species": 4, "time_elapsed": 57.55819749832153, "time_elapsed_avg": 64.14164710044861, "n_extinctions": 0}
